,regions
0,87f15c22effffff
1,87f15c2cdffffff
2,87f15c32dffffff
3,87f15c30dffffff
4,87f15c253ffffff
5,87f15c208ffffff
6,87f15c351ffffff
7,87f15896dffffff
8,87f15c251ffffff
9,87f15c20bffffff
10,87f15c229ffffff
11,87f15c272ffffff
12,87f15c370ffffff
13,87f15c376ffffff
14,87f15c32bffffff
15,87f15c276ffffff
16,87f15c255ffffff
17,87f15d590ffffff
18,87f15c273ffffff
19,87f15c309ffffff
20,87f15c22affffff
21,87f15c352ffffff
22,87f15c372ffffff
23,87f15c274ffffff
24,87f15c228ffffff
25,87f15c2c8ffffff
26,87f158965ffffff
27,87f15896effffff
28,87f15c35effffff
29,87f15c354ffffff
30,87f15c2c9ffffff
31,87f15d593ffffff
32,87f15c353ffffff
33,87f158961ffffff
34,87f15c25effffff
35,87f15c328ffffff
36,87f15c22bffffff
37,87f15c350ffffff
38,87f15c250ffffff
39,87f15c373ffffff
40,87f15c2eaffffff
41,87f15c20dffffff
42,87f15c374ffffff
43,87f15c2eeffffff
44,87f15c20cffffff
45,87f15c22cffffff
46,87f15c2cbffffff
47,87f15c2e5ffffff
48,87f15d594ffffff
49,87f15c2e9ffffff
50,87f15c2ecffffff
51,87f15d592ffffff
52,87f15c32cffffff
53,87f15c256ffffff
54,87f15cadaffffff
55,87f15c270ffffff
56,87f15d5b6ffffff
57,87f15d5b2ffffff
58,87f15c2ccffffff
59,87f15c356ffffff
60,87f15c2e8ffffff
61,87f15c254ffffff
62,87f15c22dffffff
63,87f15c2edffffff
64,87f15c355ffffff
65,87f15c209ffffff
66,87f15cad3ffffff
67,87f15c25affffff
68,87f15d596ffffff
69,87f15c2e1ffffff
70,87f15c252ffffff
71,87f15c329ffffff
72,87f15896cffffff
73,87f15c2ebffffff
74,87f15c35affffff
75,87f15cadeffffff
